Motif,Average Count,Standard Deviation,Z-Score
0,0.0,0.0,
1,0.0,0.0,
2,0.0,0.0,
3,0.0,0.0,
4,0.0,0.0,
5,11699.7,2094.5397823865746,-4.242793607803551
6,0.0,0.0,
7,0.0,0.0,
8,0.0,0.0,
9,0.0,0.0,
10,0.0,0.0,
11,0.0,0.0,
12,448.2,111.2093121600485,1.9135088228380173
