graph,nodes,edges,max_degree,avg_degree
ENZYMES_g296,125,282,5.0,4.512
ENZYMES_g293,96,218,6.0,4.541666666666667
ENZYMES_g123,90,254,9.0,5.644444444444445
