graph,nodes,edges,max_degree,avg_degree
111213696402662884531,258,9214,137.0,71.42635658914729
117798157258572080176,168,1411,70.5,16.797619047619047
113455290791279442483,108,2884,70.0,53.407407407407405
117503822947457399073,307,13800,195.5,89.90228013029316
113597493946570654755,321,8558,116.0,53.320872274143305
