graph_name,nodes,edges,max_degree,avg_degree
86775971,154,5811,96.5,75.46753246753246
7861312,220,4740,78.5,43.09090909090909
256497288,213,17930,177.5,168.3568075117371
14203895,215,3640,85.0,33.86046511627907
14338082,215,3237,135.5,30.111627906976743
